city,province,students,latitude,longitude
"Taishan, Guangdong",Guangdong,112,22.2516,112.7786
"Shanghai, Jiangsu",Jiangsu,71,31.2304,121.4737
"Zhongshan, Guangdong",Guangdong,38,22.5176,113.3926
"Xinhui, Guangdong",Guangdong,37,22.458,113.034
"Wuxi, Jiangsu",Jiangsu,31,31.4906,120.3119
"Tianjin, Hebei",Hebei,30,39.3434,117.3616
"Kaiping, Guangdong",Guangdong,27,22.3762,112.6991
"Wuxian, Jiangsu",Jiangsu,20,31.3191,120.6291
"Wujin, Jiangsu",Jiangsu,18,31.7781,119.9643
"Nanhai, Guangdong",Guangdong,18,23.0277,113.1429
"Beijing, Hebei",Hebei,17,39.9042,116.4074
"Minhou, Fujian",Fujian,15,26.15,119.1333
"Changsha, Hunan",Hunan,14,28.2282,112.9388
"Hangxian, Zhejiang",Zhejiang,12,30.2741,120.1551
"Wuxing, Zhejiang",Zhejiang,11,30.8703,120.0933
"Yinxian, Zhejiang",Zhejiang,11,29.8683,121.544
"Fanou, Guangdong",Guangdong,10,23.0,113.3833
"Meixian, Guangdong",Guangdong,10,24.2996,116.1228
"Shaoxing, Zhejiang",Zhejiang,9,30.0025,120.58
"Changshou, Jiangsu",Jiangsu,9,31.6542,120.7523
"Shengxian, Zhejiang",Zhejiang,8,29.5997,120.8275
"Heshan, Guangdong",Guangdong,8,22.765,112.9597
"Shamen, Fujian",Fujian,7,24.4798,118.0894
"Jiading, Jiangsu",Jiangsu,7,31.375,121.2652
"Nantong, Jiangsu",Jiangsu,7,31.9816,120.8944
"Penglai, Shandong",Shandong,6,37.8113,120.7591
"Shunde, Guangdong",Guangdong,6,22.8329,113.2453
"Jiangyin, Jiangsu",Jiangsu,6,31.9208,120.286
"Nanchang, Jiangxi",Jiangxi,6,28.682,115.8579
"Songjiang, Jiangsu",Jiangsu,6,31.0323,121.2278
"Chaoyang, Guangdong",Guangdong,6,23.2619,116.6007
"Fuzhou, Fujian",Fujian,5,26.0745,119.2965
"Jiujiang, Jiangxi",Jiangxi,5,29.7052,115.9928
"Taicang, Jiangsu",Jiangsu,5,31.4578,121.1007
"Ningbo, Zhejiang",Zhejiang,5,29.8683,121.544
"Jiaxing, Zhejiang",Zhejiang,5,30.7522,120.7553
"Yixing, Jiangsu",Jiangsu,5,31.3405,119.8233
"Longxi, Fujian",Fujian,5,24.5133,117.7265
"Enping, Guangdong",Guangdong,4,22.1833,112.3
"Dongguan, Guangdong",Guangdong,4,23.0207,113.7519
"Zhenjiang, Jiangsu",Jiangsu,4,32.2119,119.455
"Sanshui, Guangdong",Guangdong,4,23.1565,112.8876
"Shantou, Guangdong",Guangdong,4,23.3535,116.682
"Nanjing, Jiangsu",Jiangsu,4,32.0603,118.7969
"Xiangtan, Hunan",Hunan,4,27.833,112.9443
"Pinghu, Zhejiang",Zhejiang,4,30.6978,121.0183
"Wuchang, Hubei",Hubei,4,30.5539,114.3162
"Fenghua, Zhejiang",Zhejiang,4,29.6551,121.4068
"Nanan, Fujian",Fujian,3,24.96,118.3862
"Jiangdu, Jiangsu",Jiangsu,3,32.4344,119.5694
"Hengyang, Hunan",Hunan,3,26.893,112.5716
"Kunming, Yunnan",Yunnan,3,25.0389,102.7183
"Jiashan, Zhejiang",Zhejiang,3,30.8456,120.9236
"Luoyang, Henan",Henan,3,34.6197,112.4539
"Kaifeng, Henan",Henan,3,34.7971,114.3074
"Haining, Zhejiang",Zhejiang,3,30.5131,120.6811
"Cixi, Zhejiang",Zhejiang,3,30.1699,121.2644
"Zhongqing, Sichuan",Sichuan,3,29.563,106.5516
"Chanxian, Shandong",Shandong,3,34.793,116.087
"Chaoan, Guangdong",Guangdong,3,23.4623,116.5978
"Yancheng, Jiangsu",Jiangsu,3,33.3478,120.1635
"Chengdu, Sichuan",Sichuan,3,30.5728,104.0668
"Cixi, Jiangsu",Jiangsu,3,30.1699,121.2644
"Dantu, Jiangsu",Jiangsu,3,32.1317,119.4227
"Zhuji, Zhejiang",Zhejiang,2,29.7133,120.2347
"Zhenhai, Zhejiang",Zhejiang,2,29.9489,121.7147
"Yuyao, Zhejiang",Zhejiang,2,30.0374,121.1547
"Yongqing, Hebei",Hebei,2,39.3205,116.5007
"Xingning, Guangdong",Guangdong,2,24.1355,115.731
"Mianyang, Hubei",Hubei,2,30.35,113.45
"Xinghua, Jiangsu",Jiangsu,2,32.9116,119.8526
"Xiangxiang, Hunan",Hunan,2,27.7346,112.5316
"Shaoyang, Hunan",Hunan,2,27.2384,111.4676
"Neijiang, Sichuan",Sichuan,2,29.5803,105.058
"Xiangcheng, Henan",Henan,2,33.46,114.875
"Ningwu, Shanxi",Shanxi,2,38.9992,112.3053
"Wuyuan, Anhui",Anhui,2,29.2483,117.8613
"Wuhu, Anhui",Anhui,2,31.3521,118.4327
"Tongxian, Hebei",Hebei,2,39.9023,116.6586
"Tongan, Fujian",Fujian,2,24.7231,118.149
"Taian, Shandong",Shandong,2,36.2045,117.087
"Sichuan, Sichuan",Sichuan,2,30.5728,104.0668
"Shouxian, Anhui",Anhui,2,32.5758,116.7846
"Shiping, Yunnan",Yunnan,2,23.7073,102.4944
"Shangyin, Henan",Henan,2,35.9241,114.3595
"Shangyu, Zhejiang",Zhejiang,2,30.0337,120.869
"Taixian, Jiangsu",Jiangsu,2,32.473,119.9196
"Zunhua, Hebei",Hebei,2,40.1895,117.9656
"Jieyang, Guangdong",Guangdong,2,23.5498,116.3725
"Chongming, Jiangsu",Jiangsu,2,31.6269,121.3973
"Changyue, Fujian",Fujian,2,25.9633,119.5226
"Fujian, Fujian",Fujian,2,26.0745,119.2965
"Guixi, Jiangxi",Jiangxi,2,28.2964,117.2271
"Jinan, Shandong",Shandong,2,36.6512,117.1201
"Hefei, Anhui",Anhui,2,31.8206,117.2272
"Baoshan, Jiangsu",Jiangsu,2,31.4046,121.4892
"Guangji, Hubei",Hubei,2,29.7333,115.7333
"Dean, Fujian",Fujian,1,26.3683,117.462
"Xi'an, Shaanxi",Shaanxi,1,34.3416,108.9398
"Wuyi, Zhejiang",Zhejiang,1,28.8931,119.816
"Fengshun, Guangdong",Guangdong,1,23.7682,116.1828
"Deqing, Guangdong",Guangdong,1,23.1436,111.786
"Dinghai, Zhejiang",Zhejiang,1,30.0241,122.1064
"Wuxi, Zhejiang",Zhejiang,1,31.4906,120.3119
"Dingxian, Hebei",Hebei,1,38.5163,114.9901
"Emei, Sichuan",Sichuan,1,29.6012,103.552
"Wuhua, Guangdong",Guangdong,1,23.9318,115.7753
"Fencheng, Shanxi",Shanxi,1,35.86,111.52
"Dapu, Guangdong",Guangdong,1,24.3499,116.6948
"Jingjiang, Fujian",Fujian,1,32.0176,120.2774
"Wenan, Hebei",Hebei,1,38.873,116.458
"Wenzhou, Zhejiang",Zhejiang,1,28.0153,120.672
"Tiantai, Zhejiang",Zhejiang,1,29.1398,121.0286
"Taiding, Jiangsu",Jiangsu,1,32.473,119.9196
"Gaoyang, Hebei",Hebei,1,38.7003,115.7788
"Gaoan, Jiangxi",Jiangxi,1,28.4151,115.3747
"Taoyuan, Hunan",Hunan,1,28.9017,111.488
"Tengchong, Yunnan",Yunnan,1,25.0255,98.4956
"Fuyang, Zhejiang",Zhejiang,1,30.0487,119.9521
"Funing, Hebei",Hebei,1,39.8882,119.245
"Wenxi, Shanxi",Shanxi,1,35.3753,111.2246
"Tongcheng, Anhui",Anhui,1,31.0552,116.9766
"Tongliang, Sichuan",Sichuan,1,29.8393,106.0549
"Wangjiang, Anhui",Anhui,1,30.1246,116.6879
"Wanxian, Hebei",Hebei,1,38.9571,115.1095
"Wanxian, Sichuan",Sichuan,1,30.8077,108.376
"Danyang, Jiangsu",Jiangsu,1,31.9893,119.5861
"Xiangshan, Zhejiang",Zhejiang,1,29.4766,121.8693
"Xiaoxian, Jiangsu",Jiangsu,1,34.1884,116.9472
"Dabu, Guangdong",Guangdong,1,24.3499,116.6948
"Zhejiang, Zhejiang",Zhejiang,1,30.2741,120.1551
"Yutian, Hebei",Hebei,1,39.8998,117.7393
"Yuyao, Jiangsu",Jiangsu,1,30.0374,121.1547
"Changhuai, Hunan",Hunan,1,29.05,111.5
"Zhangpu, Fujian",Fujian,1,24.1167,117.6167
"Zhangzhou, Fujian",Fujian,1,24.5133,117.6478
"Zhapu, Zhejiang",Zhejiang,1,30.5508,121.1019
"Zhengxian, Henan",Henan,1,34.7466,113.6253
"Xianyou, Fujian",Fujian,1,25.3625,118.6922
"Boye, Hebei",Hebei,1,38.4581,115.4644
"Baxian, Hebei",Hebei,1,39.1162,116.3935
"Zhide, Anhui",Anhui,1,30.6421,117.2863
"Zhixin, Hebei",Hebei,1,38.35,115.5
"Baoan, Guangdong",Guangdong,1,22.5552,113.8838
"Anxian, Sichuan",Sichuan,1,31.5347,104.5666
"Yushan, Jiangxi",Jiangxi,1,28.6832,118.2461
"Yunnan, Yunnan",Yunnan,1,25.0389,102.7183
"Yulin, Shaanxi",Shaanxi,1,38.2851,109.7346
"Changning, Hunan",Hunan,1,26.4167,112.3833
"Yongjia, Zhejiang",Zhejiang,1,28.1528,120.6936
"Yizheng, Jiangsu",Jiangsu,1,32.2721,119.1847
"Changzi, Shanxi",Shanxi,1,36.1222,112.8777
"Yibin, Jiangsu",Jiangsu,1,28.7545,104.6428
"Yantai, Shandong",Shandong,1,37.4638,121.4479
"Yanshan, Hebei",Hebei,1,38.0576,117.2296
"Chaoxian, Anhui",Anhui,1,31.5993,117.8607
"Xiushui, Jiangxi",Jiangxi,1,29.0254,114.5469
"Xiuning, Anhui",Anhui,1,29.7871,118.1869
"Chengde, Rehe",Rehe,1,40.9515,117.9634
"Chuansha, Jiangsu",Jiangsu,1,31.1999,121.6972
"Xilin, Guangxi",Guangxi,1,24.4897,105.0882
"Xiaoshan, Zhejiang",Zhejiang,1,30.1588,120.2645
"Gaoyou, Jiangsu",Jiangsu,1,32.7893,119.4459
"Suqian, Jiangsu",Jiangsu,1,33.9613,118.2748
"Suzhou, Jiangsu",Jiangsu,1,31.299,120.5853
"Huarong, Hunan",Hunan,1,29.53,112.56
"Liyang, Jiangsu",Jiangsu,1,31.4218,119.4845
"Hunan, Hunan",Hunan,1,28.2282,112.9388
"Luanxian, Hebei",Hebei,1,39.7399,118.7029
"Huayang, Sichuan",Sichuan,1,30.5394,104.0658
"Huaxian, Shaanxi",Shaanxi,1,34.5122,109.7714
"Mengjin, Henan",Henan,1,34.8229,112.4382
"Anshun, Guizhou",Guizhou,1,26.2456,105.932
"Linhai, Zhejiang",Zhejiang,1,28.8581,121.1444
"Huanggang, Hubei",Hubei,1,30.4548,114.8724
"Huangan, Hubei",Hubei,1,31.3504,114.6787
"Nanchong, Sichuan",Sichuan,1,30.799,106.0827
"Huan, Guangdong",Guangdong,1,23.7,116.0
"Huaiyin, Jiangsu",Jiangsu,1,33.5883,119.022
"Nanping, Fujian",Fujian,1,26.6453,118.178
"Linxiang, Hunan",Hunan,1,29.4773,113.4508
"Liaozhong, Liaoning",Liaoning,1,41.5063,122.7349
"Jingxi, Guangxi",Guangxi,1,23.1342,106.4177
"Jixian, Henan",Henan,1,35.4039,114.0659
"Jingxian, Anhui",Anhui,1,30.6924,118.4196
"Jinhua, Zhejiang",Zhejiang,1,29.0786,119.6471
"Jinjiang, Fujian",Fujian,1,24.7817,118.5522
"Jintan, Jiangsu",Jiangsu,1,31.7437,119.5975
"Jinxi, Liaoning",Liaoning,1,40.7469,120.9882
"Jinxian, Hebei",Hebei,1,37.9702,115.1254
"Jurong, Jiangsu",Jiangsu,1,31.9454,119.1685
"Lianxian, Guangdong",Guangdong,1,24.7661,112.3837
"Jiaoxian, Shandong",Shandong,1,36.2647,120.0337
"Jiangshan, Zhejiang",Zhejiang,1,28.7375,118.6244
"Kunshan, Jiangsu",Jiangsu,1,31.3842,120.9581
"Laiwu, Shandong",Shandong,1,36.2139,117.6762
"Lanxi, Zhejiang",Zhejiang,1,29.2083,119.4598
"Lianxi, Sichuan",Sichuan,1,30.45,105.05
"Huairen, Shanxi",Shanxi,1,39.8275,113.1007
"Huaian, Jiangsu",Jiangsu,1,33.56,119.0215
"Ningan, Jilin",Jilin,1,44.3406,129.4634
"Shenyang, Liaoning",Liaoning,1,41.8057,123.4315
"Shangyu, Jiangsu",Jiangsu,1,30.0337,120.869
"Hanchuan, Hubei",Hubei,1,30.6546,113.8388
"Hancheng, Shaanxi",Shaanxi,1,35.4766,110.4384
"Haiyan, Zhejiang",Zhejiang,1,30.5264,120.9467
"Hainan, Guangdong",Guangdong,1,20.044,110.1999
"Haicheng, Liaoning",Liaoning,1,40.8824,122.7349
"Shexian, Anhui",Anhui,1,29.8674,118.4151
"Heze, Shandong",Shandong,1,35.2333,115.4667
"Guixian, Guangxi",Guangxi,1,22.9978,109.5975
"Shucheng, Anhui",Anhui,1,31.4621,116.9486
"Guiping, Guangxi",Guangxi,1,23.3944,110.0792
"Guilin, Guangxi",Guangxi,1,25.2736,110.29
"Sihui, Guangdong",Guangdong,1,23.3274,112.6973
"Guanyun, Jiangsu",Jiangsu,1,34.2844,119.2384
"Hangxian, Jiangsu",Jiangsu,1,30.2741,120.1551
"Hangzhou, Zhejiang",Zhejiang,1,30.2741,120.1551
"Harbin, Heilongjiang",Heilongjiang,1,45.8038,126.5349
"Rugao, Jiangsu",Jiangsu,1,32.3749,120.5742
"Raoyang, Hebei",Hebei,1,38.2341,115.7262
"Qixian, Shanxi",Shanxi,1,37.3579,112.3327
"Qingyuan, Hebei",Hebei,1,38.7012,115.487
"Qingyuan, Guangdong",Guangdong,1,23.6823,113.0561
"Qingtian, Zhejiang",Zhejiang,1,28.1399,120.2899
"Qingpu, Jiangsu",Jiangsu,1,31.1512,121.1241
"Pucheng, Fujian",Fujian,1,27.9167,118.5333
"Pingxiang, Jiangxi",Jiangxi,1,27.6285,113.854
"Pingtan, Fujian",Fujian,1,25.499,119.7897
"Hengshan, Hunan",Hunan,1,27.2302,112.8681
"Hepu, Guangdong",Guangdong,1,21.6667,109.2
"Ningxiang, Hunan",Hunan,1,28.2726,112.5516
"Hexian, Anhui",Anhui,1,31.7419,118.3531
"Anci, Hebei",Hebei,1,39.5018,116.6962
